Gene,Control,5 hz,50 hz,500 hz
TEF1,"0,580151171","0,538681404","0,527365067","0,556122658"
TEF1,"0,514556696","0,502515578","0,503980381","0,673350315"
TEF1,"0,922392257","0,549234087","0,635961747","0,750863345"
UFP,"0,590098953","1,117265953","0,64843483","0,581211698"
UFP,"0,724728228","0,877863295","0,487030505","0,456053198"
UFP,"0,541315148","0,820504311","0,797629181","0,568210215"
CYP,"0,67388166","0,64543467","0,66446143","0,65705558"
CYP,"0,64200466","0,65482229","0,68432994","0,67335031"
CYP,"0,70935119","0,69965613","0,6483818","0,66974095"
ACT,"0,62437755","0,77471034","0,67003595","0,67234099"
ACT,"0,70646828","0,68564359","0,52203212","0,67335031"
ACT,"0,83220683","0,72752382","0,89159169","0,82198641"
AT1,"0,56472264","0,52520524","0,48578507","0,50161831"
AT1,"0,60007481","0,51393205","0,38492778","0,5951876"
AT1,"0,97460119","0,6301716","0,69043242","0,73871447"
BT,"0,42806063","0,131490666","0,283229014","0,62489562"
BT,"0,456506273","0,209590184","0,095092915","0,501532692"
BT,"0,974601191","0,244989215","0,46289994","1,079226193"
GAPDH,"0,64193161","0,47106984","0,58799591","0,6783663"
GAPDH,"0,57724296","0,49753065","0,57315254","0,67335031"
GAPDH,"0,78670021","0,50047913","0,51950134","0,65704337"
O6FADes-1,"0,49385404","0,53838255","0,44584135","0,54281077"
O6FADes-1,"0,42541968","0,70153731","0,4013637","0,67335031"
O6FADes-1,"0,78627117","0,61808103","0,54435213","0,62267377"
DGAT1,"0,54859261","0,44010492","0,55942071","0,54869792"
DGAT1,"0,66153528","0,52111167","0,54186611","0,67335031"
DGAT1,"0,7005911","0,49842873","0,69760389","0,74500111"
ENR1,"0,6218","0,7332","0,5571","0,6637"
ENR1,"0,4386","0,8218","0,5429","0,6734"
ENR1,"0,8211","0,8297","0,4401","0,7196"
GPD1,"0,526465486","1,117265953","0,540743995","0,46354208"
GPD1,"0,634995972","0,914138429","0,742650795","0,447653122"
GPD1,"0,490023986","0,942694493","0,646174158","0,498449715"
AGPase1,"0,611027883","0,36462454","0,573675705","0,690088988"
AGPase1,"0,561570772","0,424820576","0,544770183","0,673350315"
AGPase1,"0,598756468","0,35180978","0,472709841","0,638065801"
VCP1,"0,298342098","1,017778037","0,263711149","0,314345544"
VCP1,"0,479680782","1,101248677","0,292105116","0,237942147"
VCP1,"0,334652932","1,211236027","0,539658794","0,312180201"
ENR2,"0,623136674","0,819597746","0,641222431","0,686446879"
ENR2,"0,492184018","0,893590326","0,576097861","0,673350315"
ENR2,"0,704713707","0,809032939","0,436655667","0,763540446"
LPAT1,"0,684048118","0,839597807","0,723291266","0,649772249"
LPAT1,"0,755167682","0,97229253","0,817354856","0,673350315"
LPAT1,"0,743198828","1,076936167","0,992095874","0,648678169"
NR,"0,465800705","0,182580327","0,268997314","0,326718361"
NR,"0,563165712","0,141613753","0,266618461","0,673350315"
NR,"0,967755924","0,145193416","0,324012869","0,376509465"
DGAT2,"0,6646475","1,086396915","0,819222122","0,710216596"
DGAT2,"0,802094772","1,070822182","0,79610712","0,581244497"
DGAT2,"0,701217039","1,031358928","0,805622003","0,727915142"
LCS1,"0,430800844","0,450166203","0,363651268","0,487290783"
LCS1,"0,343851972","0,611289292","0,343223952","0,673350315"
LCS1,"0,884626255","0,662030119","0,492096761","0,626698188"
DGAT3,"0,749463084","0,464187846","0,590929051","0,695361589"
DGAT3,"0,768009622","0,477901189","0,55732564","0,673350315"
DGAT3,"0,824740801","0,481699955","0,623681305","0,7440419"
POR1,"0,476498871","1,117265953","0,533369667","0,415759694"
POR1,"0,588058189","1,063185132","0,419289336","0,326245906"
POR1,"0,510198586","0,967341576","0,875621592","0,374759584"
PAP1,"0,6728","0,7025","0,6824","0,69"
PAP1,"0,7062","0,6924","0,6625","0,6734"
PAP1,"0,6392","0,648","0,6993","0,677"
PAP2,"0,5595832","1,055385152","0,647628773","0,430066948"
PAP2,"0,678654713","1,101248677","0,635981314","0,474978949"
PAP2,"0,531992002","0,885468214","0,603337935","0,515643412"
GPD2,"0,681936632","0,641404392","0,624729431","0,666781932"
GPD2,"0,578615942","0,497925215","0,489810972","0,673350315"
GPD2,"0,896175324","0,488299821","0,643058369","0,710560174"
ZE,"0,762064313","0,907483308","0,743452642","0,701756358"
ZE,"0,885632627","0,972063527","0,699480112","0,632624041"
ZE,"0,718390626","0,98428524","1,036677529","0,707453436"
KAS,"0,522953014","0,480655201","0,464658797","0,646290349"
KAS,"0,594179824","0,607161907","0,410698249","0,673350315"
KAS,"0,88880905","0,687125222","0,524955724","0,875200736"
LCS2,"0,600221173","0,93235936","0,633630441","0,702762942"
LCS2,"0,718030701","0,975442393","0,591678123","0,673350315"
LCS2,"0,77563515","1,065317782","0,790460106","0,784189993"
HAD,"0,461541218","0,948389183","0,493972829","0,506519042"
HAD,"0,544083489","1,101248677","0,461451856","0,474917401"
HAD,"0,531872425","1,065548332","0,594681801","0,549600326"
DGAT4,"0,684643315","0,730261952","0,710955428","0,660201256"
DGAT4,"0,665567134","0,704650256","0,593778405","0,673350315"
DGAT4,"0,755127355","0,658565809","0,814690928","0,640765621"
D6S,"0,672486353","0,595883518","0,44638864","0,663598579"
D6S,"0,692620756","0,566733804","0,356120052","0,587893859"
D6S,"0,974601191","0,688938446","0,619846257","0,860039766"
BC,"0,427783151","0,310622205","0,447953502","0,531092557"
BC,"0,503458826","0,403636464","0,332168354","0,673350315"
BC,"0,590037256","0,415738099","0,54265398","0,691084138"
NAR1,"0,706778687","0,722443318","0,741214071","0,663495588"
NAR1,"0,793198334","0,809854885","0,648734794","0,673350315"
NAR1,"0,742795843","0,794524512","0,818854862","0,772397421"
MCT,"0,9214","0,895","1,2207","1,1736"
MCT,"1,0247","0,9081","1,0039","1,4851"
MCT,"1,0261","0,8138","0,9646","0,7574"
GPD3,"0,743502915","0,69266065","0,666084538","0,687878469"
GPD3,"0,622532607","0,702498714","0,604480991","0,673350315"
GPD3,"0,711981872","0,699254858","0,848927126","0,756704068"
VDE1,"0,716253366","1,00153393","0,778465289","0,699841134"
VDE1,"0,975892477","0,97288696","0,624723731","0,541077248"
VDE1,"0,647929251","0,865942817","0,902585907","0,614066399"
PAP3,"0,785240805","0,709279895","0,713841842","0,722309747"
PAP3,"0,87410224","0,703941337","0,582233401","0,673350315"
PAP3,"0,809277343","0,733181199","0,994726719","0,782371222"
KAR1,"0,644144022","0,897947319","0,571829395","0,74003727"
KAR1,"0,45578784","0,910386042","0,595426558","0,640930216"
KAR1,"0,974601191","0,980602295","0,454413452","0,680570348"
KAR2,"0,672198365","0,696519386","0,701343827","0,679341774"
KAR2,"0,868558252","0,699996518","0,59734441","0,673350315"
KAR2,"0,576917019","0,708763565","0,789896107","0,709200197"
AGPase2,"0,736386756","0,812468513","0,738392935","0,73675533"
AGPase2,"0,580538834","0,747238571","0,694896544","0,673350315"
AGPase2,"0,903115375","0,720898586","0,753865137","0,727775149"
VDE2,"0,430336218","1,037292739","0,425568248","0,422206167"
VDE2,"0,47706645","1,101248677","0,408557428","0,405806563"
VDE2,"0,470044804","1,148516273","0,629004826","0,492648073"
ALAD,"0,654927449","1,117265953","0,715657699","0,659582301"
ALAD,"0,755418964","1,018364654","0,609755181","0,551748577"
ALAD,"0,663751946","1,050741588","0,7911358","0,652849202"
DGAT5,"0,61571547","0,58800631","0,602484331","0,613945902"
DGAT5,"0,609213568","0,63772059","0,527845644","0,673350315"
DGAT5,"0,838652071","0,633561017","0,77289259","0,829821917"
LPAT2,"0,848322815","0,92247997","0,808088342","0,733013462"
LPAT2,"0,969238273","0,934483075","0,833794533","0,616045334"
LPAT2,"0,711445847","0,928179713","1,036677529","0,743109406"
LCYB,"0,747487434","0,88184944","0,819222122","0,793127565"
LCYB,"0,863900863","0,947308256","0,769505451","0,668539487"
LCYB,"0,721171879","0,896280452","0,729554104","0,612989766"
GPAT,"0,66476643","0,91835662","0,64116553","0,54433401"
GPAT,"0,83656977","0,97084343","0,57693332","0,56127754"
GPAT,"0,70130128","1,07567973","1,03667753","0,68841117"
